time,alpha,phi,alphaD,phiD,attempt_ix,current_k
1.7651350797467284e+18,1.031147405361165,2.3617890988604526,-0.0039894838904652,-0.0041541627123109,1,-4
1.7651350797565235e+18,1.0311472005092763,2.361654236554021,-2.048518885633399e-05,-0.0134862306431671,1,-3
1.7651350797670129e+18,1.031147200509278,2.361654236554021,1.7763568394002505e-13,0.0,1,-2
1.765135079776151e+18,1.0321356326143178,2.3620112958811585,0.0988432105039738,0.0357059327137587,1,-1
1.7651350797869225e+18,1.0303689995460563,2.362840952560744,-0.1766633068261303,0.0829656679585344,1,0
1.765135079796879e+18,1.0243866208317205,2.3630693918216483,-0.5982378714336267,0.0228439260904433,1,1
1.7651350798066104e+18,1.0145835911133432,2.3602871241948766,-0.98030297183771,-0.2782267626771695,1,2
1.7651350798169203e+18,1.002619590805845,2.3509374432482506,-1.1964000307498113,-0.9349680946626028,1,3
1.7651350798270623e+18,0.9881819424742933,2.3337119747096384,-1.4437648331551922,-1.7225468538612176,1,4
1.765135079837333e+18,0.9696827738216104,2.310456535928592,-1.8499168652682865,-2.325543878104641,1,5
1.7651350798461573e+18,0.9461299502923184,2.2843024064120434,-2.3552823529291778,-2.6154129516548608,1,6
1.7651350798567345e+18,0.9162731742163488,2.2562071379496365,-2.9856776075969704,-2.809526846240696,1,7
1.7651350798665065e+18,0.8799272344222145,2.224929057092597,-3.634593979413425,-3.1278080857039647,1,8
1.765135079876364e+18,0.8423002210782142,2.187254915682229,-3.762701334400032,-3.767414141036785,1,9
1.7651350798867415e+18,0.7995930259619672,2.142775571869381,-4.270719511624699,-4.447934381284746,1,10
1.7651350798969784e+18,0.7560648992756778,2.0934956013377297,-4.352812668628947,-4.927997053165178,1,11
1.7651350799064256e+18,0.7099299898391636,2.041516777780502,-4.6134909436514215,-5.197882355722783,1,12
1.7651350799169623e+18,0.6609462661686664,1.9900841320837024,-4.898372367049719,-5.143264569679973,1,13
1.7651350799266104e+18,0.6114778133111833,1.9392044471240388,-4.946845285748302,-5.087968495966333,1,14
1.765135079936614e+18,0.5602178654714626,1.8895445723468025,-5.125994783972076,-4.965987477723632,1,15
1.7651350799470203e+18,0.5087311752026246,1.8398538233768715,-5.148669026883801,-4.969074896993098,1,16
1.765135079956154e+18,0.4584861059416656,1.788828087472424,-5.0245069260958894,-5.102573590444748,1,17
1.765135079966804e+18,0.4179730383611632,1.7380194699768252,-4.0513067580502495,-5.080861749559884,1,18
1.7651350799766508e+18,0.3605706278824179,1.6877679238523644,-5.740241047874522,-5.025154612446081,1,19
1.7651350799869665e+18,0.3121342256511795,1.63846279689521,-4.843640223123841,-4.930512695715428,1,20
1.765135079997012e+18,0.2634047073841332,1.5909233897597346,-4.872951826704636,-4.753940713547555,1,21
1.7651350800069532e+18,0.2212738115538384,1.5441387424557664,-4.213089583029472,-4.678464730396814,1,22
1.7651350800172946e+18,0.1650275254660091,1.497292008395257,-5.624628608782933,-4.684673406050943,1,23
1.765135080027125e+18,0.116736531189736,1.449809090622856,-4.829099427627306,-4.748291777240099,1,24
1.7651350800372895e+18,0.0748505447525,1.400854096019678,-4.188598643723601,-4.895499460317798,1,25
1.7651350800473718e+18,0.0246311810795852,1.3514250428114665,-5.0219363672914765,-4.942905320821156,1,26
1.7651350800567698e+18,-0.0235243755468244,1.3028616085376763,-4.815555662640972,-4.856343427379017,1,27
1.7651350800669586e+18,-0.0707766191819618,1.2554804580220429,-4.725224363513742,-4.738115051563363,1,28
1.7651350800766482e+18,-0.1164325781219429,1.2098890216463754,-4.565595893998115,-4.559143637566732,1,29
1.7651350800861038e+18,-0.1628861288664083,1.1654786391895082,-4.645355074446536,-4.441038245686713,1,30
1.7651350800967227e+18,-0.2057143418854179,1.1208274848749231,-4.282821301900955,-4.465115431458511,1,31
1.7651350801069614e+18,-0.2521865920291797,1.0754988381156545,-4.64722501437618,-4.532864675926884,1,32
1.765135080117379e+18,-0.2942142741744424,1.0305564699627978,-4.20276821452627,-4.494236815285646,1,33
1.765135080133508e+18,-0.2942142741744424,0.9864171299441388,-4.20276821452627,-4.413934001865904,1,34
1.7651350801364836e+18,-0.3709458620901443,0.9434776099515836,-3.694705291347916,-4.29395199925553,1,35
1.7651350801470917e+18,-0.4045174434052647,0.9014917164101534,-3.3571581315120445,-4.198589354143012,1,36
1.7651350801567803e+18,-0.4333350034148837,0.8610444281010973,-2.881756000961893,-4.044728830905608,1,37
1.7651350801670326e+18,-0.4564007422734767,0.8218119667125376,-2.306573885859303,-3.9232461388559625,1,38
1.7651350801771144e+18,-0.4729536394074967,0.7832190415478728,-1.6552897134019973,-3.859292516466484,1,39
1.765135080186503e+18,-0.482010188145937,0.7454478647645667,-0.9056548738440362,-3.7771176783306095,1,40
1.7651350801963763e+18,-0.4808408341386309,0.7080203430136971,0.1169354007306111,-3.742752175086961,1,41
1.7651350802063662e+18,-0.4765465408361674,0.6707633590871052,0.4294293302463559,-3.7256983926591936,1,42
1.7651350802157926e+18,-0.4618165275350239,0.6329526086574536,1.473001330114343,-3.781075042965154,1,43
1.7651350802263995e+18,-0.4395864416336811,0.5939606282216441,2.223008590134279,-3.8991980435809537,1,44
1.765135080236742e+18,-0.4100986380334169,0.5543117868071847,2.948780360026426,-3.964884141445935,1,45
1.765135080247074e+18,-0.3738600716372537,0.5120917886819768,3.6238566396163128,-4.221999812520793,1,46
1.7651350802564657e+18,-0.3304758710560772,0.4669522243385752,4.338420058117653,-4.513956434340155,1,47
1.7651350802666652e+18,-0.277715506581456,0.4178353393592104,5.276036447462124,-4.911688497936484,1,48
1.7651350802766794e+18,-0.2219808807730314,0.3636515904310404,5.573462580842456,-5.418374892817002,1,49
1.765135080286298e+18,-0.1553632579365683,0.3035825976652003,6.661762283646308,-6.00689927658401,1,50
1.7651350802965345e+18,-0.0814722990815877,0.2374683425769406,7.389095885498063,-6.611425508825963,1,51
1.76513508030641e+18,-0.0017291639598731,0.1662026546591298,7.9743135121714515,-7.126568791781085,1,52
1.765135080316592e+18,0.0825429042253793,0.0923745180536067,8.427206818525255,-7.382813660552308,1,53
1.7651350803268598e+18,0.1659471039264756,0.018347624502234,8.34041997010963,-7.402689355137264,1,54
1.765135080336761e+18,0.2450188740823849,-0.0506168860051175,7.907177015590924,-6.896451050735163,1,55
1.765135080346874e+18,0.315336517051846,-0.1109867164047527,7.03176429694611,-6.0369830399635225,1,56
1.765135080357372e+18,0.3715159426677996,-0.1597956105701642,5.617942561595362,-4.880889416541144,1,57
1.7651350803672522e+18,0.4105410103430084,-0.1958239100802757,3.90250676752088,-3.6028299510111523,1,58
1.76513508037682e+18,0.4312356773065763,-0.2193563899421597,2.0694666963567863,-2.353247986188403,1,59
1.7651350925167503e+18,1.0309988855717804,2.3619252801600745,0.0007712277185767,0.0,2,-4
1.765135092527258e+18,1.0311522934423387,2.3619252801600745,0.0153407870558286,0.0,2,-3
1.7651350925366917e+18,1.030989859166676,2.361973506062039,-0.0162434275662759,0.0048225901964293,2,-2
1.7651350925467784e+18,1.0322165508095855,2.3621658489400663,0.122669164290956,0.0192342878027496,2,-1
1.765135092556648e+18,1.0297036601737708,2.363079776546156,-0.2512890635814724,0.0913927606088993,2,0
1.7651350925672148e+18,1.0215598333597238,2.3634980023733485,-0.8143826814047017,0.0418225827193197,2,1
1.7651350925768612e+18,1.0093692009383517,2.359618961802994,-1.2190632421372305,-0.3879040570354597,2,2
1.765135092586724e+18,1.0093692009383517,2.34676010683532,-1.2190632421372305,-1.2858854967674027,2,3
1.7651350925965578e+18,0.978576766902894,2.3253444248516937,-1.6740284466715494,-2.14156819836262,2,4
1.7651350926073664e+18,0.95561481997366,2.297723384658676,-2.2961946929234034,-2.76210401930177,2,5
1.765135092617374e+18,0.9315271535093628,2.2680674601765496,-2.4087666464297386,-2.9655924482126395,2,6
1.7651350926269176e+18,0.8977532905248603,2.237120415968732,-3.377386298450236,-3.0947044207817687,2,7
1.7651350926367378e+18,0.8586222735991158,2.2030619476446804,-3.91310169257445,-3.405846832405146,2,8
1.7651350926471583e+18,0.8167653959844734,2.1634477724694863,-4.185687761464241,-3.9614175175194166,2,9
1.765135092656753e+18,0.7739555050504208,2.116681772794557,-4.280989093405263,-4.676599967492878,2,10
1.7651350926666908e+18,0.7293814057883973,2.065172433870724,-4.457409926202349,-5.150933892383369,2,11
1.7651350926769754e+18,0.6827581730282487,2.0121545069683915,-4.662323276014857,-5.301792690233231,2,12
1.7651350926867988e+18,0.6339423556950973,1.9599193422623344,-4.881581733315144,-5.223516470605727,2,13
1.7651350926965655e+18,0.5833168211636685,1.908887622399077,-5.062553453142882,-5.103171986325727,2,14
1.765135092706701e+18,0.5413776691302474,1.8595325974878536,-4.193915203342102,-4.935502491122334,2,15
1.7651350927167956e+18,0.4806352049512671,1.810337059490405,-6.074246417898032,-4.919553799744847,2,16
1.765135092726476e+18,0.4388449260700292,1.7612210928756225,-4.1790278881237874,-4.911596661478268,2,17
1.7651350927369556e+18,0.3815707326781221,1.711118495540343,-5.727419339190715,-5.010259733527955,2,18
1.765135092746681e+18,0.3334637136903963,1.6613614247062052,-4.810701898772574,-4.975707083413772,2,19
1.7651350927568049e+18,0.2846866999872772,1.6124621313624907,-4.87770137031191,-4.889929334371446,2,20
1.765135092766194e+18,0.2368256630150486,1.5643610305586086,-4.786103697222862,-4.810110080388208,2,21
1.7651350927767565e+18,0.1938020706251925,1.5168913075601729,-4.302359238985612,-4.746972299843599,2,22
1.7651350927868032e+18,0.1376162544495929,1.470246967903022,-5.618581617559956,-4.664433965715076,2,23
1.7651350927970266e+18,0.0914172677865562,1.4231299631698846,-4.6198986663036665,-4.711700473313729,2,24
1.7651350928062584e+18,0.04317268952148,1.374896242283972,-4.82445782650762,-4.823372088591249,2,25
1.7651350928169203e+18,-0.000392190920521,1.3264792896734865,-4.356488044200116,-4.841695261048584,2,26
1.7651350928265846e+18,-0.0493242784078951,1.2783162857880823,-4.8932087487374005,-4.816300388540395,2,27
1.7651350928368394e+18,-0.0952973120995747,1.23133055610136,-4.597303369167968,-4.698572968672243,2,28
1.765135092847019e+18,-0.1415612867261139,1.1850580952174172,-4.626397462653915,-4.627246088394266,2,29
1.7651350928573868e+18,-0.1415612867261139,1.1399523665568112,-4.626397462653915,-4.510572866060603,2,30
1.7651350928676454e+18,-0.2326068337488401,1.095261423447092,-4.547904666215205,-4.469094310971933,2,31
1.765135092876741e+18,-0.2768073445050021,1.0508119168235177,-4.4200510756162,-4.444950662357439,2,32
1.765135092886488e+18,-0.3195952853197286,1.006084815143595,-4.278794081472648,-4.472710167992244,2,33
1.765135092896857e+18,-0.3601663402798624,0.9627404165473276,-4.05710549601338,-4.3344398596267375,2,34
1.7651350929062953e+18,-0.3984024265326038,0.9197763646089044,-3.8236086252741375,-4.296405193842323,2,35
1.7651350929166426e+18,-0.4328343390198841,0.8782972912007097,-3.443191248728028,-4.147907340819478,2,36
1.765135092926688e+18,-0.4632647194600082,0.8376692102597626,-3.043038044012408,-4.062808094094705,2,37
1.7651350929356111e+18,-0.4879781518236,0.7982565628530722,-2.4713432363591856,-3.941264740669037,2,38
1.7651350929462776e+18,-0.506132698067221,0.7595494113208696,-1.8154546243621008,-3.870715153220261,2,39
1.7651350929560507e+18,-0.5149097617560646,0.7217632890799585,-0.8777063688843567,-3.778612224091116,2,40
1.7651350929662464e+18,-0.5203631664662133,0.6838694463118428,-0.5453404710148657,-3.789384276811569,2,41
1.7651350929759232e+18,-0.5133189126692669,0.646324194532975,0.7044253796946398,-3.754525177886781,2,42
1.7651350929857416e+18,-0.5030941920163158,0.6079449405555117,1.0224720652951105,-3.8379253977463215,2,43
1.765135092996639e+18,-0.4826494164148849,0.5691058118215824,2.044477560143088,-3.883912873392936,2,44
1.7651350930060116e+18,-0.4550084462945045,0.5288927147489773,2.7640970120380413,-4.021309707260512,2,45
1.7651350930160704e+18,-0.4205463852544212,0.4863201400005469,3.4462061040083314,-4.257257474843034,2,46
1.765135093025729e+18,-0.3795277716357997,0.4410904443716511,4.101861361862142,-4.522969562889578,2,47
1.765135093036306e+18,-0.3317681311901857,0.3924350457988922,4.775964044561404,-4.865539857275886,2,48
1.7651350930463985e+18,-0.2769265093281735,0.3394711080398331,5.484162186201219,-5.2963937759059165,2,49
1.7651350930560812e+18,-0.2140604347811227,0.2805939421431395,6.286607454705075,-5.887716589669356,2,50
1.7651350930660173e+18,-0.1445530982285921,0.2167417458073561,6.950733655253063,-6.38521963357834,2,51
1.7651350930759004e+18,-0.0690075926429034,0.147666548802458,7.554550558568867,-6.9075197004898055,2,52
1.7651350930865395e+18,0.009778437812469,0.075702083168074,7.878603045537257,-7.196446563438399,2,53
1.765135093096986e+18,0.088217660734003,0.0036603052038003,7.843922292153393,-7.204177796427369,2,54
1.7651350931066993e+18,0.1627273785111138,-0.0641985960703604,7.450971777711085,-6.785890127416086,2,55
1.76513509311675e+18,0.2282132053761961,-0.1233210185675654,6.548582686508222,-5.912242249720497,2,56
1.7651350931272763e+18,0.2784609623809992,-0.1707945509308426,5.024775700480316,-4.747353236327719,2,57
1.7651350931367447e+18,0.3113147398186001,-0.2051329678280556,3.285377743760088,-3.433841689721304,2,58
1.7651350931471703e+18,0.3252892918854416,-0.2257103867280255,1.397455206684145,-2.057741889996989,2,59
1.7651351092372936e+18,1.0312811823722348,2.361590511286018,-0.0031151955123487,0.010119846038048,3,-4
1.7651351092465144e+18,1.03120052226178,2.361573889634454,-0.0130382523814587,-0.0016621651564019,3,-3
1.7651351092575096e+18,1.0311747207287392,2.361474636489735,-0.002580153304077,-0.0099253144719035,3,-2
1.7651351092662694e+18,1.0322446896964177,2.361717541924845,0.1069968967678525,0.0242905435110074,3,-1
1.765135109276645e+18,1.0299648008307325,2.362624583923308,-0.2279888865685198,0.0907041998462254,3,0
1.7651351092892997e+18,1.0217905268434726,2.3628817729444265,-0.8174273987259895,0.0257189021119153,3,1
1.7651351092965427e+18,1.0096334949315977,2.3592044945235617,-1.2157031911874894,-0.3677278420864738,3,2
1.7651351093065544e+18,0.995496139775165,2.346372314221678,-1.4137355156432665,-1.28321803018836,3,3
1.7651351093166075e+18,0.9789992103652344,2.325020467916347,-1.6496929409930638,-2.135184630533127,3,4
1.7651351093262482e+18,0.958263183432647,2.2976483932566847,-2.073602693258736,-2.7372074659662182,3,5
1.7651351093364493e+18,0.9315696813979564,2.267867678975056,-2.6693502034690675,-2.978071428162909,3,6
1.7651351093468086e+18,0.8987730247091429,2.237129857417125,-3.2796656688813486,-3.073782155793081,3,7
1.7651351093561964e+18,0.8600469094131816,2.2031976080792823,-3.872611529596126,-3.3932249337842446,3,8
1.7651351093665585e+18,0.818082198376321,2.1638405230351867,-4.196471103686061,-3.935708504409563,3,9
1.765135109376381e+18,0.7747811005909107,2.11828791393781,-4.330109778541035,-4.55526090973768,3,10
1.7651351093862129e+18,0.7302547908514476,2.066327951050009,-4.452630973946303,-5.195996288780069,3,11
1.7651351093961925e+18,0.6838091571278982,2.012904721008499,-4.644563372354937,-5.342323004151028,3,12
1.7651351094066132e+18,0.6354532728769349,1.960278420054654,-4.835588425096337,-5.26263009538448,3,13
1.7651351094166554e+18,0.5848866873796535,1.9090338932720945,-5.056658549728132,-5.124452678255986,3,14
1.765135109426296e+18,0.5337345602895166,1.8589255054765448,-5.115212709013695,-5.010838779554949,3,15
1.7651351094396718e+18,0.5337345602895166,1.8101958293885945,-5.115212709013695,-4.872967608795031,3,16
1.765135109446428e+18,0.4319359637823116,1.761206183115084,-5.069559097997367,-4.898964627351043,3,17
1.7651351094566264e+18,0.3825048618079978,1.712028282993182,-4.943110197431372,-4.917790012190215,3,18
1.7651351094671534e+18,0.3418509764692816,1.662046396361361,-4.065388533871627,-4.99818866318209,3,19
1.7651351094759944e+18,0.2866206949574269,1.6131395242271065,-5.523028151185466,-4.890687213425449,3,20
1.7651351094865075e+18,0.2388337610373953,1.5651717517322352,-4.778693392003156,-4.796777249487128,3,21
1.7651351094970895e+18,0.1908301156532473,1.5187813342214722,-4.800364538414806,-4.6390417510763005,3,22
1.765135109506512e+18,0.1466663099909901,1.4723782860783106,-4.416380566225714,-4.640304814316165,3,23
1.7651351095162143e+18,0.0941011077586253,1.4260924415749126,-5.25652022323648,-4.628584450339801,3,24
1.7651351095269996e+18,0.0460417379019531,1.3782822397591885,-4.805936985667226,-4.781020181572426,3,25
1.765135109536431e+18,-0.0018155474209208,1.3294372796166136,-4.785728532287398,-4.884496014257467,3,26
1.7651351095465487e+18,-0.0457368723781854,1.280613480573336,-4.39213249572646,-4.8823799043277605,3,27
1.7651351095570245e+18,-0.0921545697054828,1.2329380823442722,-4.641769732729734,-4.767539822906386,3,28
1.7651351095660326e+18,-0.137934901467109,1.1868163908516862,-4.578033176162627,-4.612169149258594,3,29
1.7651351095759002e+18,-0.1839925420153879,1.141931064131884,-4.605764054827885,-4.4885326719802165,3,30
1.765135109585852e+18,-0.2292450145656311,1.0980813523046125,-4.5252472550243175,-4.38497118272716,3,31
1.7651351095962304e+18,-0.2738745307122254,1.053801510023336,-4.462951614659436,-4.427984228127646,3,32
1.7651351096062444e+18,-0.3166648708263929,1.0098452730831415,-4.279034011416743,-4.395623694019446,3,33
1.765135109616734e+18,-0.3572051312491341,0.9658238223211234,-4.054026042274122,-4.402145076201813,3,34
1.7651351096263132e+18,-0.395293486241514,0.9224378624274188,-3.808835499237989,-4.338595989370475,3,35
1.7651351096358984e+18,-0.429681554000389,0.8803151635504254,-3.438806775887504,-4.212269887699327,3,36
1.7651351096459917e+18,-0.4597807573726486,0.8392535557043292,-3.009920337225957,-4.106160784609614,3,37
1.7651351096559355e+18,-0.4818696825202657,0.7994171525082514,-2.2088925147617067,-3.983640319607784,3,38
1.7651351096663004e+18,-0.5022729661026372,0.7604748484247308,-2.040328358237148,-3.894230408352062,3,39
1.765135109676489e+18,-0.513221456268464,0.7218937867083688,-1.0948490165826883,-3.8581061716362,3,40
1.7651351096870574e+18,-0.5164337618908964,0.6840106655037707,-0.3212305622432354,-3.7883121204598136,3,41
1.7651351096964744e+18,-0.5114159123474477,0.6459466619335407,0.5017849543448749,-3.806400357022999,3,42
1.765135109706813e+18,-0.498831045120068,0.6074260820714636,1.2584867227379617,-3.852057986207702,3,43
1.765135109716464e+18,-0.4786073540460995,0.5677640014191222,2.0223691073968486,-3.9662080652341447,3,44
1.7651351097256369e+18,-0.4512129543068545,0.5268973352454194,2.7394399739245068,-4.086666617370282,3,45
1.7651351097363727e+18,-0.4169038695145657,0.4838804219391662,3.430908479228872,-4.301691330625312,3,46
1.7651351097462592e+18,-0.3758736805006572,0.4381703238724295,4.103018901390853,-4.57100980667367,3,47
1.7651351097563236e+18,-0.3278510639050924,0.3887553149362256,4.802261659556484,-4.941500893620387,3,48
1.765135109766565e+18,-0.2722862788039918,0.3349179489806051,5.556478510110052,-5.383736595562056,3,49
1.7651351097760218e+18,-0.209274647924852,0.2754682399950706,6.301163087913985,-5.944970898553447,3,50
1.7651351097863432e+18,-0.1383853193684465,0.2100683591601758,7.088932855640545,-6.539988083489479,3,51
1.765135109796697e+18,-0.0631636841974049,0.1400274085882605,7.522163517104162,-7.004095057191528,3,52
1.765135109806955e+18,0.0167924584593508,0.066759414879117,7.995614265675583,-7.326799370914352,3,53
1.7651351098234388e+18,0.0167924584593508,-0.0069492929278808,7.995614265675583,-7.370870780699792,3,54
1.765135109826614e+18,0.1713898099342127,-0.0762219460013338,7.532854701054411,-6.927265307345295,3,55
1.7651351098367186e+18,0.237949586279538,-0.1367689285111598,6.6559776345325306,-6.0546982509826055,3,56
1.7651351098463578e+18,0.2885733509420566,-0.1855321027602573,5.062376466251855,-4.876317424909746,3,57
1.7651351098569485e+18,0.3223461591117422,-0.2209418192008835,3.377280816968564,-3.540971644062621,3,58
1.7651351098670267e+18,0.3367643873210637,-0.2434188571173981,1.4418228209321482,-2.2477037916514564,3,59
1.7651351256273654e+18,1.031669645053077,2.36226359255971,0.0101439006306103,0.0065322987182536,4,-4
1.765135125636766e+18,1.0315540509420318,2.36226359255971,-0.0115594111044892,0.0,4,-3
1.7651351256468713e+18,1.0315142551226957,2.362210406212217,-0.0039795819336108,-0.0053186347493294,4,-2
1.7651351256563236e+18,1.03251660042143,2.362547917850012,0.1002345298734219,0.0337511637795273,4,-1
1.765135125666303e+18,1.0300631724324645,2.363273345421781,-0.2453427988965417,0.0725427571768744,4,0
1.7651351256759145e+18,1.021608584680625,2.362986765227,-0.8454587751839382,-0.028658019478156,4,1
1.7651351256856906e+18,1.0096315327816658,2.358685688960911,-1.1977051898959257,-0.4301076266088444,4,2
1.7651351256965596e+18,0.9950965036521944,2.3455417139753,-1.4535029129471466,-1.3143974985610818,4,3
1.765135125706501e+18,0.9783716477009434,2.323882804683833,-1.672485595125095,-2.165890929146697,4,4
1.765135125716321e+18,0.9573328301319796,2.2962674945410844,-2.1038817568963752,-2.761531014274876,4,5
1.7651351257263982e+18,0.9303609396269186,2.266775403551172,-2.6971890505061102,-2.9492090989912345,4,6
1.7651351257361344e+18,0.8964604378398614,2.235397307441352,-3.390050178705717,-3.137809610982023,4,7
1.765135125748508e+18,0.8576027903769412,2.2011645259468176,-3.88576474629202,-3.423278149453424,4,8
1.765135125756523e+18,0.815352942696117,2.1610722631989763,-4.224984768082418,-4.009226274784128,4,9
1.7651351257665108e+18,0.7718109475605909,2.1138104568072262,-4.354199513552614,-4.726180639175004,4,10
1.7651351257760837e+18,0.7270110188146489,2.062125287181688,-4.479992874594196,-5.1685169625538485,4,11
1.765135125786522e+18,0.6793363158384863,2.008956541383893,-4.767470297616261,-5.316874579779451,4,12
1.765135125796617e+18,0.6292615724578277,1.9562177139394823,-5.007474338065864,-5.273882744441072,4,13
1.7651351258062444e+18,0.5779724615739386,1.904284721655637,-5.12891108838891,-5.19329922838454,4,14
1.765135125816379e+18,0.5263400896231359,1.8534547030176856,-5.163237195080261,-5.0830018637951335,4,15
1.765135125827408e+18,0.4747452134469529,1.8033587576837915,-5.159487617618303,-5.00959453338945,4,16
1.76513512583719e+18,0.4241280210809434,1.7529843406862065,-5.061719236600948,-5.0374416997584825,4,17
1.7651351258469742e+18,0.374964819325298,1.703095771177897,-4.916320175564537,-4.988856950830956,4,18
1.765135125856506e+18,0.3264033199655863,1.653155460762835,-4.856149935971171,-4.994031041506197,4,19
1.7651351258657103e+18,0.2784174927516964,1.6047128223844978,-4.798582721388988,-4.844263837833718,4,20
1.76513512587687e+18,0.2369957258397954,1.557704420173838,-4.142176691190103,-4.7008402210659606,4,21
1.7651351258859215e+18,0.1824342063333925,1.5111601994622297,-5.456151950640292,-4.654422071160869,4,22
1.7651351258964024e+18,0.134454440162202,1.4649664241553315,-4.797976617119051,-4.619377530689772,4,23
1.7651351259067162e+18,0.0871627964902497,1.418909833314374,-4.729164367195223,-4.605659084095759,4,24
1.765135125916673e+18,0.0417633128832405,1.370955811504212,-4.539948360700924,-4.795402181016217,4,25
1.7651351259266867e+18,-0.0056282724110011,1.322777401893614,-4.739158529424169,-4.817840961059794,4,26
1.7651351259362035e+18,-0.0522550813538413,1.2749621544293932,-4.662680894284022,-4.781524746422083,4,27
1.7651351259460173e+18,-0.097932116997997,1.227883301737822,-4.56770356441557,-4.707885269157108,4,28
1.7651351259562086e+18,-0.1436990011022025,1.182155208984019,-4.57668841042055,-4.572809275380307,4,29
1.7651351259660495e+18,-0.1893334441409266,1.137564719041665,-4.56344430387241,-4.459048994235415,4,30
1.7651351259756516e+18,-0.2345062821164373,1.093528722806935,-4.517283797551061,-4.403599623472987,4,31
1.76513512598646e+18,-0.2786915197082523,1.0492730203569465,-4.418523759181506,-4.425570244998855,4,32
1.7651351259965102e+18,-0.32097526387933,1.0051091624810211,-4.228374417107767,-4.416385787592536,4,33
1.765135126006394e+18,-0.3592135575356021,0.961404714115492,-3.823829365627213,-4.370444836552922,4,34
1.7651351260161416e+18,-0.399272052119493,0.9187031793875629,-4.005849458389093,-4.270153472792915,4,35
1.765135126025962e+18,-0.4313363645299276,0.8767654674599309,-3.2064312410434503,-4.193771192763185,4,36
1.7651351260365563e+18,-0.4636123400517038,0.8363962091631392,-3.2275975521776243,-4.036925829679172,4,37
1.765135126046657e+18,-0.4881395610631219,0.7971266656575023,-2.452722101141813,-3.926954350563683,4,38
1.7651351260559288e+18,-0.5064873636849991,0.7585520947837084,-1.8347802621877185,-3.85745708737939,4,39
1.7651351260661317e+18,-0.5174666629184084,0.7208064218575568,-1.0979299233409234,-3.7745672926151608,4,40
1.7651351260758423e+18,-0.5210069082015178,0.683042934128678,-0.3540245283109478,-3.776348772887883,4,41
1.7651351260865165e+18,-0.5137813325667216,0.6455241995985536,0.72255756347962,-3.751873453012444,4,42
1.7651351260962158e+18,-0.5037300611852787,0.6075552388062512,1.0051271381442906,-3.796896079230239,4,43
1.7651351261064591e+18,-0.4835612452919104,0.5684237766100502,2.016881589336833,-3.913146219620101,4,44
1.7651351261166093e+18,-0.4565415976143732,0.5282539028005016,2.701964767753722,-4.016987380954862,4,45
1.7651351261261138e+18,-0.4233390910344674,0.4865002595226322,3.3202506579905755,-4.175364327786929,4,46
1.7651351261373066e+18,-0.4233390910344674,0.4418428202047713,3.3202506579905755,-4.4657439317860925,4,47
1.765135126147226e+18,-0.3366473710980816,0.3939248818431237,4.670944085923489,-4.791793836164765,4,48
1.7651351261565998e+18,-0.2826729831628823,0.3420024757552782,5.397438793519926,-5.192240608784543,4,49
1.765135126167115e+18,-0.221506032359301,0.28443878890745,6.116695080358136,-5.75636868478282,4,50
1.765135126176377e+18,-0.1532797162220265,0.2213807305235023,6.822631613727445,-6.305805838394771,4,51
1.7651351261860475e+18,-0.0818188739613246,0.1531787062836933,7.1460842260701884,-6.8202024239809,4,52
1.765135126196511e+18,0.0002202734673297,0.081434506790109,8.203914742865436,-7.1744199493584295,4,53
1.7651351262065377e+18,0.0782816479072308,0.0087646232125733,7.806137443990109,-7.266988357753568,4,54
1.765135126216322e+18,0.1528712207264591,-0.0594266473624735,7.458957281922829,-6.819127057504693,4,55
1.7651351262270725e+18,0.2182995548425019,-0.1193918803794505,6.542833411604285,-5.9965233016977,4,56
1.765135126236832e+18,0.2692347883997358,-0.1672794309230881,5.093523355723387,-4.788755054363759,4,57
1.7651351262467128e+18,0.3024354807852744,-0.2018433270987119,3.3200692385538577,-3.4563896175623805,4,58
1.7651351262565985e+18,0.3162765377682338,-0.2228099382356795,1.38410569829594,-2.0966611136967543,4,59
1.76513513941635e+18,1.0308883605558687,2.3613103110918714,-0.0023283965079556,0.0148201193916452,5,-4
1.7651351394266765e+18,1.030888360555869,2.361216854896942,2.220446049250313e-14,-0.0093456194929508,5,-3
1.765135139437151e+18,1.0309798320115116,2.361266795300659,0.0091471455642588,0.0049940403717307,5,-2
1.765135139446e+18,1.030983563340902,2.3612351901052944,0.0003731329390577,-0.0031605195364825,5,-1
1.7651351394557558e+18,1.031957947003943,2.3614969361576,0.0974383663040923,0.0261746052304889,5,0
1.7651351394660316e+18,1.0296895230188423,2.3619912248518684,-0.2268423985100742,0.0494288694269151,5,1
1.7651351394758065e+18,1.0215361095937956,2.36242478894566,-0.8153413425046718,0.0433564093790916,5,2
1.7651351394867282e+18,1.0095326087611427,2.3588414461305725,-1.2003500832652891,-0.3583342815086876,5,3
1.7651351394972836e+18,0.995188443752294,2.34585866249938,-1.434416500884872,-1.298278363119243,5,4
1.765135139506368e+18,0.9791181386324193,2.3245082133068795,-1.6070305119874728,-2.135044919250051,5,5
1.7651351395164808e+18,0.9577312658974132,2.297175096866906,-2.1386872735006057,-2.7333116439973715,5,6
1.7651351395263135e+18,0.9297017226127808,2.267072614536345,-2.8029543284632474,-3.010248233056068,5,7
1.7651351395366218e+18,0.8948808039311933,2.235249207260352,-3.482091868158743,-3.182340727599353,5,8
1.7651351395464975e+18,0.8546755989402948,2.199105211122961,-4.020520499089852,-3.614399613739039,5,9
1.7651351395631255e+18,0.8128048692591472,2.1566959117311053,-4.187072968114758,-4.240929939185589,5,10
1.765135139566723e+18,0.766951118127469,2.1073568733780434,-4.585375113167822,-4.933903835306186,5,11
1.7651351395755182e+18,0.720152024263714,2.053883114208251,-4.679909386375491,-5.3473759169792245,5,12
1.765135139585802e+18,0.6714960572073279,1.9993046012656464,-4.86559670563862,-5.457851294260463,5,13
1.76513513959656e+18,0.6205619782612036,1.9453480447933924,-5.093407894612422,-5.395655647225417,5,14
1.765135139606483e+18,0.5682289522299914,1.893149455020377,-5.233302603121226,-5.21985897730155,5,15
1.7651351396162993e+18,0.5156317233493651,1.8418555881104373,-5.259722888062624,-5.1293866909939645,5,16
1.7651351396262986e+18,0.4634531577708339,1.790876928163293,-5.217856557853123,-5.097865994714423,5,17
1.7651351396361516e+18,0.4125274581765981,1.7403657015269425,-5.092569959423576,-5.051122663635055,5,18
1.76513513964696e+18,0.3626653981956011,1.6895635793404158,-4.9862059980997016,-5.080212218652669,5,19
1.7651351396570143e+18,0.314958355658805,1.6393505828810164,-4.770704253679614,-5.021299645939936,5,20
1.7651351396660209e+18,0.2647008510206933,1.59091450065506,-5.025750463811162,-4.843608222595641,5,21
1.7651351396760704e+18,0.2223151355328307,1.542475271144677,-4.238571548786258,-4.843922951038304,5,22
1.7651351396863066e+18,0.1668147636110749,1.4958308760408414,-5.550037192175585,-4.664439510383556,5,23
1.7651351396959217e+18,0.1230092504457367,1.4478883937369298,-4.38055131653382,-4.794248230391163,5,24
1.7651351397067638e+18,0.0681145347312694,1.3998247467701668,-5.489471571446729,-4.806364696676302,5,25
1.7651351397162767e+18,0.0200942024818392,1.3510496302861628,-4.802033224943021,-4.877511648400401,5,26
1.7651351397256215e+18,-0.0249286709294558,1.3022000469960349,-4.502287341129503,-4.88495832901279,5,27
1.7651351397363144e+18,-0.0712252598899715,1.254187240020627,-4.629658896051567,-4.801280697540755,5,28
1.7651351397467113e+18,-0.1178890097515435,1.2068781208935506,-4.666374986157204,-4.730911912707669,5,29
1.765135139756358e+18,-0.1612980481688915,1.1610320014757096,-4.3409038417348,-4.5846119417841,5,30
1.7651351397662656e+18,-0.2073873985380021,1.1165547414769186,-4.608935036911054,-4.447725999879104,5,31
1.7651351397759168e+18,-0.2547511767428075,1.072060270170958,-4.736377820480548,-4.449447130596052,5,32
1.7651351397859753e+18,-0.2984511570247353,1.0273451670989096,-4.369998028192773,-4.471510307204851,5,33
1.7651351397957422e+18,-0.3376269076047891,0.9835307375349444,-3.917575058005379,-4.3814429563965085,5,34
1.7651351398065485e+18,-0.3788738268244649,0.9401683576898858,-4.124691921967583,-4.336237984505864,5,35
1.7651351398167862e+18,-0.4132586082537555,0.898076896323687,-3.438478142929058,-4.209146136619879,5,36
1.765135139826258e+18,-0.4454928286970146,0.8567853155440754,-3.223422044325913,-4.129158077961159,5,37
1.765135139836294e+18,-0.4712318910989986,0.816933558247813,-2.5739062401984034,-3.9851757296262447,5,38
1.765135139846205e+18,-0.4905987421331906,0.7779592134770626,-1.9366851034192,-3.897434477075034,5,39
1.765135139856733e+18,-0.5026760697299195,0.7392191782391042,-1.207732759672886,-3.874003523795844,5,40
1.7651351398656947e+18,-0.5048059516219409,0.7012583330134327,-0.2129881892021345,-3.796084522567156,5,41
1.765135139876432e+18,-0.5035394693174824,0.6632036090962424,0.1266482304458471,-3.805472391719024,5,42
1.7651351398860667e+18,-0.4918952306092325,0.6249730793456076,1.164423870824982,-3.823052975063479,5,43
1.765135139896104e+18,-0.4727760481890552,0.5854722801596256,1.911918242017735,-3.950079918598204,5,44
1.765135139906582e+18,-0.4463078400661931,0.5450298998654552,2.6468208122862102,-4.044238029417035,5,45
1.7651351399159537e+18,-0.4130589677465441,0.5028105261509532,3.324887231964896,-4.221937371450202,5,46
1.7651351399259336e+18,-0.3730835282386954,0.4579110749374021,3.997543950784877,-4.48994512135511,5,47
1.7651351399358188e+18,-0.326075727124942,0.409810120564474,4.700780111375336,-4.81009543729281,5,48
1.765135139946099e+18,-0.2712566788000879,0.3574030343480972,5.481904832485412,-5.24070862163768,5,49
1.765135139956551e+18,-0.2105787160374517,0.2995905766640993,6.067796276263615,-5.781245768399796,5,50
1.7651351399656678e+18,-0.1422532426360576,0.2369595777598134,6.832547340139413,-6.263099890428583,5,51
1.7651351399753503e+18,-0.0675457092466201,0.1686072254399422,7.470753338943744,-6.835235231987122,5,52
1.76513513998622e+18,0.0110540086999568,0.0971429965588331,7.859971794657705,-7.14642288811091,5,53
1.7651351399965243e+18,0.0896860220293867,0.0255484093482774,7.863201332942992,-7.1594587210555645,5,54
1.765135140006682e+18,0.1643434872719121,-0.0426666764604975,7.46574652425253,-6.821508580877499,5,55
1.765135140016261e+18,0.2314555638450686,-0.1027603913978967,6.711207657315654,-6.00937149373992,5,56
1.7651351400262405e+18,0.282936148818813,-0.1509847909915823,5.1480584973744445,-4.822439959368557,5,57
1.7651351400363423e+18,0.3171737732768989,-0.1859060183455679,3.423762445808587,-3.4921227353985644,5,58
1.7651351400463826e+18,0.340126653676547,-0.2066422079195921,2.295288039964805,-2.073618957402417,5,59
1.7651351558662715e+18,1.0312438147122762,2.361412857422072,0.0033191946589683,0.0085230326339669,6,-4
1.765135155875939e+18,1.031166550975071,2.361412857422072,-0.007726373720529,0.0,6,-3
1.765135155886215e+18,1.0311892029281111,2.361408993217662,0.0022651953040186,-0.0003864204409786,6,-2
1.7651351558968827e+18,1.0323276382631037,2.361733131933574,0.113843533499236,0.0324138715912081,6,-1
1.7651351559066143e+18,1.030352938487126,2.362216301595253,-0.1974699775977528,0.0483169661678939,6,0
1.765135155916274e+18,1.022346175784292,2.3627895508100507,-0.8006762702833958,0.0573249214797844,6,1
1.7651351559261427e+18,1.0105953959638196,2.358793073947328,-1.1750779820472346,-0.3996476862722975,6,2
1.7651351559364337e+18,0.9962110592345642,2.3469911817595723,-1.4384336729255431,-1.1801892187755405,6,3
1.7651351559460175e+18,0.9797885767897136,2.325720238298995,-1.642248244485056,-2.127094346057712,6,4
1.765135155956742e+18,0.9591976770670566,2.29822344922227,-2.059089972265704,-2.749678907672504,6,5
1.765135155966058e+18,0.9329534208560712,2.268328976623533,-2.624425621098548,-2.989447259873712,6,6
1.7651351559764006e+18,0.8994138711330693,2.2370820010927965,-3.353954972300188,-3.124697553073652,6,7
1.7651351559863132e+18,0.8603488876520813,2.2032206722911187,-3.906498348098797,-3.3861328801677804,6,8
1.7651351559967414e+18,0.8184129180913939,2.163834948302187,-4.193596956068735,-3.93857239889317,6,9
1.7651351560082235e+18,0.7745276192945741,2.117119875280397,-4.388529879681979,-4.671507302179023,6,10
1.7651351560170038e+18,0.7297481144402065,2.0652070986199336,-4.477950485436765,-5.191277666046323,6,11
1.7651351560265434e+18,0.6831419840420151,2.011509313997441,-4.660613039819139,-5.369778462249242,6,12
1.7651351560363026e+18,0.6345009322777745,1.9586408289652824,-4.864105176424061,-5.286848503215857,6,13
1.765135156045744e+18,0.5829020762907761,1.906980517245337,-5.159885598699843,-5.166031171994523,6,14
1.7651351560564667e+18,0.5306870622229246,1.8563665480498643,-5.221501406785145,-5.061396919547301,6,15
1.7651351560660262e+18,0.4790042622518118,1.806475093829033,-5.16827999711128,-4.98914542208313,6,16
1.7651351560760906e+18,0.4278738040674482,1.756197883438709,-5.113045818436363,-5.027721039032396,6,17
1.7651351560860682e+18,0.377820135357181,1.705690155229363,-5.005366871026712,-5.0507728209346014,6,18
1.7651351560960394e+18,0.3289280543416676,1.6556343242447489,-4.889208101551345,-5.005583098461419,6,19
1.765135156106349e+18,0.2810043332604001,1.6066146539995216,-4.792372108126752,-4.901967024522724,6,20
1.7651351561163443e+18,0.2329319386771672,1.5588803518776717,-4.807239458323284,-4.773430212185015,6,21
1.76513515612712e+18,0.1848556088605991,1.5117846080832569,-4.807632981656809,-4.709574379441484,6,22
1.7651351561364598e+18,0.1367869163267018,1.4658547638487565,-4.806869253389731,-4.5929844234500194,6,23
1.765135156146435e+18,0.0878674829804016,1.4196011101735908,-4.891943334630019,-4.625365367516565,6,24
1.7651351561564708e+18,0.0452067447896024,1.372445852457841,-4.2660738190799234,-4.715525771575013,6,25
1.7651351561660498e+18,-0.008111012478458,1.3241838172596194,-5.331775726806046,-4.826203519822125,6,26
1.7651351561764127e+18,-0.0512194533553426,1.2761475945327776,-4.310844087688459,-4.803622272684183,6,27
1.7651351561855834e+18,-0.0966383142407856,1.2285653869866622,-4.541886088544305,-4.758220754611542,6,28
1.765135156195812e+18,-0.1424860424761658,1.182238221406959,-4.584772823538015,-4.632716557970351,6,29
1.7651351562061322e+18,-0.18799668842353,1.1374721691558738,-4.551064594736423,-4.476605225108488,6,30
1.7651351562164895e+18,-0.2330643685050643,1.0937697949726757,-4.506768008153422,-4.370237418319811,6,31
1.7651351562262764e+18,-0.2777546049594859,1.049965420458935,-4.46902364544216,-4.380437451374064,6,32
1.7651351562369848e+18,-0.3205615243059794,1.0059902648903802,-4.28069193464935,-4.39751555685548,6,33
1.7651351562469125e+18,-0.3614262157080945,0.9622940819325274,-4.086469140211513,-4.3696182957852825,6,34
1.7651351562563835e+18,-0.3993155015696025,0.9196247247887068,-3.788928586150797,-4.266935714382069,6,35
1.765135156265888e+18,-0.4339300710336835,0.8774006098868672,-3.4614569464080978,-4.222411490183952,6,36
1.765135156276266e+18,-0.4641354660815218,0.83666044757721,-3.020539504783831,-4.074016230965715,6,37
1.765135156286563e+18,-0.4888650082121862,0.7968131029786486,-2.4729542130664472,-3.984734459856143,6,38
1.765135156296279e+18,-0.5071625168246956,0.7582043304455597,-1.829750861250934,-3.860877253308892,6,39
1.7651351563064535e+18,-0.5184225746995393,0.7199726794326005,-1.1260057874843743,-3.823165101295922,6,40
1.7651351563161656e+18,-0.5219542100171697,0.6818480451033867,-0.3531635317630344,-3.812463432921376,6,41
1.7651351563260905e+18,-0.5174514642872536,0.6438499747981509,0.4502745729916046,-3.799807030523583,6,42
1.7651351563362652e+18,-0.5049491934631327,0.6051889256166691,1.250227082412092,-3.866104918148172,6,43
1.7651351563462428e+18,-0.4850164980558947,0.5659588259638748,1.993269540723802,-3.9230099652794337,6,44
1.7651351563568865e+18,-0.4577982939748914,0.5252992655503956,2.7218204081003226,-4.065956041347918,6,45
1.765135156366226e+18,-0.4236509328902538,0.4823748723621268,3.414736108463768,-4.29243931882688,6,46
1.7651351563763308e+18,-0.382751574977232,0.4371327728599289,4.089935791302179,-4.5242099502197926,6,47
1.7651351563862523e+18,-0.3351196488883951,0.3882013609863008,4.763192608883688,-4.89314118736281,6,48
1.7651351563957414e+18,-0.2803098740532294,0.3347594428665714,5.480977483516575,-5.344191811972937,6,49
1.7651351564059855e+18,-0.2181958049692417,0.2762764021870639,6.211406908398762,-5.848304067950755,6,50
1.7651351564161403e+18,-0.1488828060884658,0.2120844193535302,6.9312998880775885,-6.419198283353364,6,51
1.7651351564258417e+18,-0.0700773497579261,0.1423769447033303,7.880545633053972,-6.970747465019994,6,52
1.765135156435844e+18,0.0072369937337269,0.0691489928137565,7.7314343491653075,-7.322795188957374,6,53
1.765135156446182e+18,0.0869836911859784,-0.0050530217331808,7.974669745225149,-7.420201454693742,6,54
1.7651351564561e+18,0.1624768352872566,-0.0744233011828225,7.5493144101278205,-6.937027944964166,6,55
1.7651351564663498e+18,0.2298728118089927,-0.1364537896898908,6.739597652173612,-6.203048850706831,6,56
1.7651351564763077e+18,0.2829110613819754,-0.18643340224732,5.303824957298267,-4.997961255742925,6,57
1.7651351564861745e+18,0.318712975476058,-0.2241477329170551,3.5801914094082563,-3.7714330669735054,6,58
1.765135156496544e+18,0.3359151090442863,-0.2487244666476142,1.7202133568228306,-2.457673373055908,6,59
1.765135193985994e+18,1.0318143007659966,2.362239419645666,-0.0015318132895458,0.0,7,-4
1.765135193995495e+18,1.0317597852865543,2.362259427630528,-0.005451547944224,0.0020007984862235,7,-3
1.7651351940065093e+18,1.031819341220224,2.3623511683376583,0.0059555933669797,0.0091740707130139,7,-2
1.7651351940150505e+18,1.0325767493634286,2.362469199079064,0.0757408143204463,0.0118030741405483,7,-1
1.7651351940254034e+18,1.0310508931668236,2.3630274187303733,-0.1525856196604946,0.0558219651309421,7,0
1.7651351940358336e+18,1.0257755445461971,2.3638667552579915,-0.5275348620626286,0.083933652761825,7,1
1.7651351940459515e+18,1.0167988328135813,2.360997662861367,-0.897671173261605,-0.2869092396624584,7,2
1.7651351940555052e+18,1.0049405775854947,2.3519645702734686,-1.185825522808659,-0.9033092587898306,7,3
1.7651351940662408e+18,0.990950890637886,2.335559365271697,-1.3989686947608826,-1.6405205001771783,7,4
1.765135194075968e+18,0.9708519742672832,2.3133398075114,-2.00989163706028,-2.221955776029682,7,5
1.765135194086171e+18,0.9499415783607514,2.287591638091632,-2.0910395906531654,-2.5748169419768097,7,6
1.7651351940956598e+18,0.9197186462107272,2.2598351528020992,-3.022293215002436,-2.775648528953268,7,7
1.7651351941057636e+18,0.885155284179675,2.228792504211217,-3.456336203105204,-3.1042648590882127,7,8
1.7651351941159465e+18,0.8457086344572445,2.191595808885387,-3.9446649722430505,-3.719669532583003,7,9
1.7651351941253174e+18,0.8052498530306491,2.1475912911259534,-4.045878142659542,-4.40045177594337,7,10
1.7651351941356897e+18,0.761842718844059,2.098167353817973,-4.340713418659014,-4.942393730798056,7,11
1.7651351941465477e+18,0.7158603473216497,2.047313222193849,-4.598237152240925,-5.085413162412378,7,12
1.7651351941565458e+18,0.6670334916845155,1.996355193287243,-4.882685563713418,-5.095802890660606,7,13
1.7651351941659182e+18,0.6161400951983782,1.9464113140730328,-5.089339648613733,-4.994387921421017,7,14
1.7651351941750175e+18,0.564665622330425,1.895946800972499,-5.147447286795314,-5.0464513100534125,7,15
1.765135194185578e+18,0.5131506317345489,1.844957038464732,-5.151499059587616,-5.098976250776643,7,16
1.7651351941961467e+18,0.4623997307801152,1.7928813521767153,-5.075090095443363,-5.207568628801695,7,17
1.7651351942056522e+18,0.4127921889577487,1.7410474466336625,-4.960754182236654,-5.1833905543053005,7,18
1.7651351942154906e+18,0.3634147721565231,1.6893874407260263,-4.937741680122559,-5.166000590763575,7,19
1.765135194225433e+18,0.3143696222761933,1.6401447019915891,-4.904514988032976,-4.924273873443719,7,20
1.765135194235751e+18,0.265407487203898,1.5919794999711845,-4.89621350722953,-4.8165202020405085,7,21
1.7651351942462346e+18,0.2227321852748663,1.5450807041304724,-4.267530192903177,-4.689879584071188,7,22
1.7651351942557153e+18,0.1674775845910937,1.498700690068056,-5.525460068377261,-4.638001406241643,7,23
1.7651351942682783e+18,0.1674775845910937,1.4518021657506197,-5.525460068377261,-4.689852431743646,7,24
1.7651351942757292e+18,0.0768884080998422,1.4033503286745777,-4.77560341418892,-4.845183707604184,7,25
1.7651351942857275e+18,0.0254176640119841,1.354367268938074,-5.147074408785809,-4.898305973650374,7,26
1.7651351942954565e+18,-0.0238169190231741,1.305573257245228,-4.92345830351583,-4.879401169284581,7,27
1.7651351943059758e+18,-0.0682437045314803,1.25768736175915,-4.442678550830623,-4.788589548607813,7,28
1.7651351943163484e+18,-0.114876886338316,1.211339057246602,-4.663318180683568,-4.63483045125479,7,29
1.7651351943255444e+18,-0.1609786397302107,1.166039502963527,-4.61017533918947,-4.529955428307497,7,30
1.7651351943359506e+18,-0.2065366995436511,1.1216972824733478,-4.555805981344036,-4.434222049017933,7,31
1.7651351943459348e+18,-0.2512297544714594,1.0772718208583532,-4.469305492780828,-4.442546161499461,7,32
1.7651351943575862e+18,-0.2939780419971083,1.0328119115290235,-4.274828752564891,-4.445990932932964,7,33
1.765135194366096e+18,-0.3347118856723963,0.988945268592593,-4.073384367528798,-4.38666429364305,7,34
1.7651351943756145e+18,-0.3725071381457429,0.9462520838710756,-3.779525247334664,-4.269318472151739,7,35
1.7651351943854874e+18,-0.4068562471826674,0.9043722853971404,-3.434910903692445,-4.187979847393519,7,36
1.765135194395979e+18,-0.4364533867417638,0.8637317828446861,-2.959713955909643,-4.064050255245433,7,37
1.7651351944055014e+18,-0.4608550663693238,0.8243296964928197,-2.440167962755996,-3.940208635186637,7,38
1.7651351944159196e+18,-0.4783816214623929,0.785887382391176,-1.7526555093069165,-3.844231410164378,7,39
1.7651351944252086e+18,-0.4864866348409729,0.7480890946562785,-0.8105013378579939,-3.779828773489746,7,40
1.7651351944355625e+18,-0.490978922866948,0.7104258220079273,-0.4492288025975177,-3.766327264835123,7,41
1.7651351944456658e+18,-0.4851726750871539,0.6727092959300736,0.580624777979416,-3.7716526077853696,7,42
1.7651351944559173e+18,-0.4711159611858927,0.6349263454096964,1.4056713901261175,-3.7782950520377168,7,43
1.7651351944656975e+18,-0.4494750483064651,0.5963323183542694,2.16409128794276,-3.859402705542703,7,44
1.7651351944761551e+18,-0.4204987029554316,0.555927511433757,2.897634535103349,-4.04048069205124,7,45
1.7651351944859942e+18,-0.3847192222969353,0.5136800744339293,3.5779480658496343,-4.224743699982769,7,46
1.7651351944952197e+18,-0.3847192222969353,0.4685642694900856,3.5779480658496343,-4.511580494384365,7,47
1.7651351945057126e+18,-0.2919632544354565,0.4195191665981095,4.987930772077887,-4.904510289197606,7,48
1.7651351945159345e+18,-0.2345013582723862,0.365460319452853,5.746189616307026,-5.40588471452565,7,49
1.7651351945274742e+18,-0.1687321115077984,0.3053746885293826,6.576924676458779,-6.008563092347041,7,50
1.7651351945363338e+18,-0.0942995156807654,0.2391092527198391,7.443259582703301,-6.626543580954353,7,51
1.7651351945460398e+18,-0.0192703715468927,0.166869708731883,7.502914413387267,-7.223954398795606,7,52
1.7651351945558395e+18,0.0701343913518367,0.0914733581602919,8.94047628987295,-7.539635057159108,7,53
1.765135194566265e+18,0.1545736153736738,0.016336886814461,8.443922402183707,-7.51364713458309,7,54
1.76513519457615e+18,0.2354539766360001,-0.0552682450466679,8.088036126232634,-7.160513186112899,7,55
1.765135194585705e+18,0.3080736734993536,-0.1183339846893095,7.261969686335351,-6.306573964264164,7,56
1.7651351945959936e+18,0.3673582865295909,-0.1703410600956239,5.92846130302373,-5.20070754063144,7,57
1.7651351946054825e+18,0.4097230435621263,-0.209532832694299,4.236475703253534,-3.9191772598675065,7,58
1.765135194615499e+18,0.4338224848757902,-0.2364343753492212,2.4099441313663927,-2.69015426549222,7,59
1.7651352030449836e+18,1.0311510145344416,2.3616285553570853,0.0093939432494583,-0.0019727639042343,8,-4
1.765135203056103e+18,1.0311638358909956,2.3616916321363823,0.0012821356554004,0.0063076779297066,8,-3
1.7651352030657183e+18,1.031075397834855,2.361711681702644,-0.008843805614056,0.0020049566261004,8,-2
1.7651352030750067e+18,1.0319904776185795,2.3617362263470776,0.0915079783724515,0.0024544644434243,8,-1
1.765135203085328e+18,1.0301856726310814,2.362778548848996,-0.1804804987498132,0.1042322501918047,8,0
1.7651352030958618e+18,1.022920537609133,2.363249584109597,-0.7265135021948366,0.0471035260601215,8,1
1.7651352031054835e+18,1.011101002638367,2.36063584063079,-1.1819534970765933,-0.2613743478806718,8,2
1.7651352031152438e+18,0.9970248299674856,2.34873972587218,-1.407617267088157,-1.18961147586103,8,3
1.7651352031250542e+18,0.9806667804702448,2.3285529176176336,-1.6358049497240734,-2.018680825454622,8,4
1.7651352031355366e+18,0.9606106040322094,2.3013696882012566,-2.0056176438035367,-2.7183229416376964,8,5
1.765135203145786e+18,0.9345915065679328,2.27183916815853,-2.601909746427677,-2.9530520042726494,8,6
1.7651352031554906e+18,0.9017435393313497,2.240987920926296,-3.284796723658301,-3.0851247232234424,8,7
1.7651352031653752e+18,0.8632793500169923,2.206944953655562,-3.846418931435736,-3.404296727073364,8,8
1.7651352031754875e+18,0.8213699874855991,2.1682282915032087,-4.190936253139321,-3.871666215235337,8,9
1.7651352031856783e+18,0.7780182365699044,2.121799857281052,-4.335175091569465,-4.642843422215703,8,10
1.7651352031960228e+18,0.732965437158556,2.070636067587848,-4.505279941134843,-5.1163789693203565,8,11
1.7651352032054902e+18,0.6860641299867247,2.0170276767526363,-4.690130717183127,-5.360839083521185,8,12
1.765135203215676e+18,0.6369277404182568,1.9634739523326288,-4.913638956846788,-5.35537244200075,8,13
1.765135203225727e+18,0.586074883827397,1.9116337703112631,-5.08528565908598,-5.184018202136564,8,14
1.7651352032357048e+18,0.5342617083394897,1.861049696843073,-5.181317548790731,-5.058407346819016,8,15
1.7651352032465843e+18,0.4824038750513675,1.8118526232194123,-5.185783328812221,-4.919707362366044,8,16
1.7651352032560497e+18,0.4313533377173765,1.7617181796851566,-5.1050537333991,-5.013444353425589,8,17
1.765135203266073e+18,0.3818938347943938,1.7111732556144634,-4.945950292298268,-5.054492407069322,8,18
1.7651352032763702e+18,0.3331711678338329,1.6611299793665817,-4.872266696056088,-5.004327624788196,8,19
1.7651352032862866e+18,0.2854968282969737,1.6119978200385152,-4.767433953685924,-4.913215932806625,8,20
1.7651352032963717e+18,0.244168216598857,1.5637795718831131,-4.132861169811666,-4.821824815540188,8,21
1.7651352033065472e+18,0.1894599586012804,1.517535740365181,-5.4708257997576615,-4.624383151793232,8,22
1.7651352033160904e+18,0.1395521007659199,1.472097792806684,-4.990785783536053,-4.543794755849695,8,23
1.7651352033251845e+18,0.0929223637865196,1.425744151277305,-4.662973697940025,-4.635364152937904,8,24
1.7651352033359593e+18,0.0490890546590444,1.3781127944988312,-4.383330912747525,-4.7631356778473855,8,25
1.7651352033461468e+18,0.0010112255976772,1.3297284298401777,-4.807782906136713,-4.83843646586537,8,26
1.7651352033557663e+18,-0.047094795655633,1.2806000666461756,-4.810602125331035,-4.912836319400182,8,27
1.765135203364841e+18,-0.0923429041190217,1.2325340147834531,-4.524810846338862,-4.80660518627225,8,28
1.7651352033747482e+18,-0.1374029659190331,1.1861217206430237,-4.506006180001148,-4.641229414042947,8,29
1.7651352033854036e+18,-0.1844778560110554,1.141502327146669,-4.707489009202223,-4.461939349635458,8,30
1.765135203395312e+18,-0.2302790967520938,1.0978075696242324,-4.580124074103847,-4.369475752243668,8,31
1.7651352034050191e+18,-0.2752517379659477,1.0537003490382464,-4.497264121385388,-4.410722058598604,8,32
1.7651352034158454e+18,-0.3182044708668859,1.0094346263891198,-4.295273290093815,-4.426572264912654,8,33
1.76513520342512e+18,-0.3590752310210178,0.965154736404598,-4.087076015413188,-4.427988998452192,8,34
1.765135203435527e+18,-0.3976007775840187,0.9216579229027212,-3.8525546563000943,-4.349681350187673,8,35
1.7651352034447826e+18,-0.4319401169336161,0.8790103202149255,-3.4339339349597373,-4.264760268779566,8,36
1.7651352034551516e+18,-0.4625662160556354,0.8375578309859684,-3.0626099122019355,-4.145248922895717,8,37
1.765135203465085e+18,-0.4875421394238675,0.7971286292311757,-2.497592336823201,-4.04292017547927,8,38
1.765135203475577e+18,-0.5061705323174222,0.7579885620832931,-1.8628392893554668,-3.914006714788254,8,39
1.7651352034848955e+18,-0.5178313900038463,0.7192531182751478,-1.1660857686424109,-3.873544380814531,8,40
1.7651352034959058e+18,-0.5209772219922335,0.6804914737257372,-0.3145831988387249,-3.8761644549410654,8,41
1.7651352035052485e+18,-0.5171015745999211,0.641679694241996,0.3875647392312387,-3.881177948374115,8,42
1.7651352035152796e+18,-0.5047909885900866,0.6024986805234883,1.231058600983448,-3.918101371850769,8,43
1.7651352035257562e+18,-0.4849454154043363,0.5623417387399757,1.9845573185750365,-4.015694178351259,8,44
1.765135203535045e+18,-0.4576133755101559,0.5205266331035537,2.733203989418037,-4.181510563642199,8,45
1.7651352035449792e+18,-0.4233424098403077,0.4768178971586107,3.427096566984822,-4.370873594494301,8,46
1.7651352035547077e+18,-0.3824800726216946,0.4301990482085073,4.086233721861304,-4.6618848950103375,8,47
1.7651352035654006e+18,-0.3342831867836291,0.3798659878492537,4.819688583806553,-5.033306035925366,8,48
1.7651352035755418e+18,-0.2786482789409738,0.3251027041428794,5.563490784265529,-5.476328370637424,8,49
1.7651352035856566e+18,-0.2121369258564451,0.2640426892896123,6.651135308452869,-6.106001485326712,8,50
1.7651352035952517e+18,-0.1440092234532108,0.197349907898714,6.8127702403234265,-6.669278139089826,8,51
1.7651352036057167e+18,-0.0668899987124584,0.1254848064486826,7.711922474075242,-7.1865101450031466,8,52
1.765135203615832e+18,0.0159197567002382,0.0501132539839859,8.280975541269672,-7.537155246469664,8,53
1.765135203625963e+18,0.0949140233622995,-0.0260463599844135,7.899426666206128,-7.615961396839945,8,54
1.765135203635108e+18,0.172929199893381,-0.0988736225793919,7.801517653108153,-7.28272625949784,8,55
1.765135203644992e+18,0.2418549370436075,-0.1629756508833799,6.8925737150226425,-6.410202830398803,8,56
1.765135203656326e+18,0.2418549370436075,-0.2164153290120742,6.8925737150226425,-5.343967812869424,8,57
1.765135203665087e+18,0.3433429794031565,-0.2567335771163812,4.649189598522502,-4.031824810430703,8,58
1.765135203675386e+18,0.3549752676928481,-0.2847488903630794,1.163228828969154,-2.801531324669815,8,59
1.7651352163563372e+18,1.031028322950997,2.361174061775237,-0.007001001980611,-0.0219105893281224,9,-4
1.7651352163656983e+18,1.031005535909235,2.3612385428973424,-0.0022787041761951,0.0064481122104886,9,-3
1.7651352163751404e+18,1.031084291908897,2.361328224639964,0.0078755999662005,0.0089681742621472,9,-2
1.765135216385682e+18,1.0320855997084395,2.361276644015287,0.1001307799542772,-0.0051580624676805,9,-1
1.7651352163961649e+18,1.030274326881391,2.362288316201502,-0.1811272827048737,0.1011672186214784,9,0
1.7651352164060997e+18,1.0228619596533115,2.362779089307215,-0.7412367228079253,0.0490773105713326,9,1
1.7651352164158968e+18,1.011141354628882,2.359386313563393,-1.1720605024429842,-0.3392775743822351,9,2
1.765135216425121e+18,0.996914151294979,2.3482401344575936,-1.4227203333902927,-1.114617910579918,9,3
1.765135216435717e+18,0.98079038252515,2.3273714991884464,-1.6123768769828906,-2.0868635269147173,9,4
1.765135216445903e+18,0.9607359833554772,2.3003249472968994,-2.0054399169672887,-2.704655189154704,9,5
1.7651352164551058e+18,0.935009193400552,2.270475742560528,-2.5726789954925167,-2.984920473637142,9,6
1.7651352164656364e+18,0.9021981566252076,2.239185368292004,-3.281103677534447,-3.129037426852399,9,7
1.7651352164747617e+18,0.8631774046805993,2.205525076302779,-3.902075194460819,-3.3660291989225044,9,8
1.765135216485063e+18,0.820768916666966,2.1663172010960543,-4.240848801363328,-3.920787520672464,9,9
1.7651352165027034e+18,0.820768916666966,2.120139211676558,-4.240848801363328,-4.617798941949625,9,10
1.765135216505322e+18,0.7317888455129158,2.0683740950364022,-4.52100156692663,-5.176511664015582,9,11
1.7651352165149563e+18,0.6849600451043081,2.0138324905488703,-4.682880040860771,-5.454160448753198,9,12
1.765135216525652e+18,0.6359250090078975,1.9603409512905745,-4.903503609641057,-5.349153925829597,9,13
1.7651352165350812e+18,0.5847914622183612,1.908299089545335,-5.1133546789536295,-5.204186174523939,9,14
1.765135216545343e+18,0.5428646532563387,1.857771477064869,-4.1926808962022495,-5.052761248046589,9,15
1.7651352165554575e+18,0.481463371816457,1.807431248757883,-6.140128143988171,-5.034022830698604,9,16
1.765135216565234e+18,0.4306062483648613,1.7577083809391087,-5.085712345159571,-4.972286781877422,9,17
1.765135216575992e+18,0.3810377658497277,1.7078032093596422,-4.956848251513351,-4.99051715794665,9,18
1.7651352165853455e+18,0.3324185849661739,1.657999183412117,-4.861918088355383,-4.98040259475252,9,19
1.7651352165961656e+18,0.2836216736025938,1.608785815085715,-4.87969113635801,-4.9213368326402,9,20
1.765135216605554e+18,0.2358731332515476,1.561233724065894,-4.77485403510462,-4.755209101982105,9,21
1.7651352166150415e+18,0.1879089736506879,1.5136936339790406,-4.796415960085968,-4.754009008685345,9,22
1.7651352166260275e+18,0.1398958659473928,1.467329088821712,-4.801310770329509,-4.636454515732846,9,23
1.765135216635584e+18,0.0941778837263227,1.4210229725494268,-4.571798222107011,-4.630611627228531,9,24
1.7651352166447816e+18,0.0423497053225752,1.3745028053351072,-5.182817840374747,-4.652016721431962,9,25
1.76513521665606e+18,0.0006834583712483,1.32706105456119,-4.166624695132689,-4.74417507739171,9,26
1.7651352166656986e+18,-0.0489936752049688,1.2792516357538992,-4.967713357621721,-4.780941880729084,9,27
1.7651352166751846e+18,-0.0945053956690638,1.2315697260495582,-4.551172046409501,-4.768190970434105,9,28
1.7651352166893343e+18,-0.1404821950477809,1.1851038038176152,-4.597679937871706,-4.646592223194301,9,29
1.7651352166956726e+18,-0.1855287151231436,1.1397232492040663,-4.504652007536272,-4.538055461354884,9,30
1.7651352167057856e+18,-0.2309093407000857,1.0952194553583952,-4.538062557694211,-4.450379384567116,9,31
1.7651352167155937e+18,-0.2754825120530734,1.0514948511371227,-4.457317135298766,-4.3724604221272445,9,32
1.765135216725832e+18,-0.3187855732933395,1.0078195514001704,-4.330306124026611,-4.367529973695228,9,33
1.7651352167355745e+18,-0.3604256126072285,0.9641082865928216,-4.164003931388904,-4.371126480734877,9,34
1.7651352167450478e+18,-0.3975495579587123,0.9211848729883212,-3.712394535148372,-4.292341360450058,9,35
1.765135216755396e+18,-0.4353796413576078,0.8788446447299797,-3.783008339889554,-4.234022825834138,9,36
1.7651352167651533e+18,-0.4353796413576078,0.8380205710032989,-3.783008339889554,-4.082407372668084,9,37
1.765135216775932e+18,-0.4930920334055798,0.7983581434821266,-2.8414798628393854,-3.9662427521172217,9,38
1.765135216785583e+18,-0.512735738758218,0.7592072937099402,-1.9643705352638152,-3.915084977218641,9,39
1.765135216795843e+18,-0.5256912879743876,0.7204445463445802,-1.2955549216169593,-3.8762747365360006,9,40
1.765135216805548e+18,-0.5304645642273149,0.6822548829871169,-0.4773276252927338,-3.818966335746332,9,41
1.7651352168159475e+18,-0.5272589744055777,0.6440798130522785,0.3205589821737242,-3.817506993483844,9,42
1.7651352168251968e+18,-0.513448918480728,0.6054745920831276,1.381005592484963,-3.860522096915087,9,43
1.7651352168353088e+18,-0.4968950131857724,0.5656942173059668,1.655390529495565,-3.978037477716079,9,44
1.7651352168447606e+18,-0.4708575601608087,0.5247400911929302,2.603745302496363,-4.0954126113036615,9,45
1.765135216855271e+18,-0.4374432306010122,0.4820273811418711,3.341432955979656,-4.271271005105909,9,46
1.7651352168674212e+18,-0.4374432306010122,0.4368171046619847,3.341432955979656,-4.52102764798864,9,47
1.7651352168758354e+18,-0.3508271719838373,0.3882168931839254,4.673499816855825,-4.860021147805932,9,48
1.76513521688889e+18,-0.297153766895281,0.3357659590241722,5.367340508855628,-5.245093415975316,9,49
1.7651352169005228e+18,-0.297153766895281,0.2781098267309927,5.367340508855628,-5.765613229317945,9,50
1.765135216905936e+18,-0.1687818454159201,0.2154386931180746,6.766627588427595,-6.267113361291815,9,51
1.7651352169160105e+18,-0.0948618161512632,0.1469454791529009,7.392002926465686,-6.849321396517369,9,52
1.76513521692535e+18,-0.01645378453221,0.0756146211103029,7.840803161905316,-7.133085804259803,9,53
1.765135216935221e+18,0.0620081733973951,0.0028496729442297,7.846195792960528,-7.276494816607316,9,54
1.7651352169450737e+18,0.1364146819469817,-0.0657814917256676,7.440650854958659,-6.863116466989738,9,55
1.7651352169552717e+18,0.1364146819469817,-0.1269049360140366,7.440650854958659,-6.1123444288369,9,56
1.7651352169657984e+18,0.2557753751579861,-0.1770745762822994,5.307315996292483,-5.016964026826276,9,57
1.765135216975835e+18,0.2917856796590927,-0.2146135150455313,3.601030450110659,-3.753893876323192,9,58
1.765135216985772e+18,0.3170320714894097,-0.2386388468131621,2.524639183031701,-2.402533176763083,9,59
1.765135234715288e+18,1.0312427464358345,2.360642750094916,-0.0027973191582875,0.0036738653093948,10,-4
1.7651352347241344e+18,1.031218146156244,2.360731319484848,-0.0024600279590503,0.0088569389931958,10,-3
1.7651352347347845e+18,1.0312744842447057,2.3607313194848474,0.0056338088461727,-4.440892098500626e-14,10,-2
1.7651352347456233e+18,1.0320375936545882,2.360859595652576,0.0763109409882556,0.0128276167728369,10,-1
1.765135234754955e+18,1.0320375936545882,2.361402037618016,0.0763109409882556,0.0542441965439621,10,0
1.7651352347646088e+18,1.0256488331947111,2.3618791138374853,-0.5180446759882162,0.0477076219469907,10,1
1.7651352347749156e+18,1.0166091229084462,2.360114843484142,-0.9039710286264936,-0.1764270353343366,10,2
1.765135234785306e+18,1.0046833005482547,2.35169920039902,-1.1925822360191465,-0.8415643085122326,10,3
1.765135234794791e+18,0.9909029520413104,2.33627800662426,-1.3780348506944318,-1.54211937747597,10,4
1.7651352348052713e+18,0.9909029520413104,2.3146498569689298,-1.3780348506944318,-2.162814965533011,10,5
1.7651352348160584e+18,0.9734137028352584,2.2888761740352743,-1.748924920605199,-2.577368293365545,10,6
1.7651352348248914e+18,0.9234883939726868,2.2609949237738984,-2.755689757417157,-2.788125026137589,10,7
1.7651352348363927e+18,0.8875146889833124,2.230477489403838,-3.597370498937446,-3.051743437006049,10,8
1.765135234845731e+18,0.8486830065111328,2.193904225047444,-3.8831682472179607,-3.657326435639385,10,9
1.7651352348572513e+18,0.8074593475704901,2.1509270500738444,-4.122365894064273,-4.297717497359965,10,10
1.7651352348659822e+18,0.7642846584315218,2.1018698781349543,-4.3174689138968265,-4.905717193889014,10,11
1.7651352348764244e+18,0.7177755636213299,2.050369699528608,-4.650909481019194,-5.150017860634648,10,12
1.765135234885079e+18,0.6692821013112452,1.9983914856951568,-4.849346231008466,-5.197821383345036,10,13
1.7651352348955727e+18,0.6183642682823084,1.946902143081744,-5.091783302893682,-5.148934261341398,10,14
1.765135234905325e+18,0.5708303022343908,1.8954055812622903,-4.753396604791759,-5.149656181945317,10,15
1.7651352349152635e+18,0.5144899552471779,1.8445294307243365,-5.63403469872129,-5.08761505379538,10,16
1.7651352349253007e+18,0.4630011607667528,1.792451599418845,-5.148879448042504,-5.207783130549148,10,17
1.76513523493575e+18,0.4126088889541097,1.7407602664297044,-5.039227181264316,-5.169133298914064,10,18
1.7651352349452283e+18,0.3630742943978265,1.6890420822882484,-4.953459455628312,-5.171818414145601,10,19
1.7651352349560868e+18,0.3135358353404392,1.6393318171074471,-4.953845905738735,-4.971026518080124,10,20
1.765135234965443e+18,0.2643423434461893,1.5905879601719637,-4.919349189424987,-4.874385693548344,10,21
1.7651352349758129e+18,0.2157566111955743,1.542815864972026,-4.858573225061505,-4.777209519993764,10,22
1.7651352349858762e+18,0.1666411844487608,1.4956538914615158,-4.911542674681346,-4.716197351051021,10,23
1.7651352349965855e+18,0.1179262830891096,1.448226332318493,-4.871490135965117,-4.742755914302288,10,24
1.7651352350060595e+18,0.0701277308954062,1.4005866721160551,-4.7798552193703365,-4.763966020243782,10,25
1.7651352350159488e+18,0.0210676124844315,1.352055240756589,-4.906011841097476,-4.853143135946625,10,26
1.765135235025326e+18,-0.0240578201337624,1.303509741680676,-4.512543261819398,-4.854549907591288,10,27
1.7651352350354227e+18,-0.069239271859533,1.2560460127688509,-4.518145172577058,-4.746372891182515,10,28
1.765135235045519e+18,-0.1155066007270426,1.2100049508188124,-4.626732886750965,-4.604106195003843,10,29
1.7651352350563348e+18,-0.1601906623095351,1.1649888071536507,-4.468406158249248,-4.501614366516171,10,30
1.7651352350656755e+18,-0.2065408383607068,1.1207504327046696,-4.635017605117167,-4.423837444898116,10,31
1.7651352350758574e+18,-0.2487186899590508,1.0765674807569223,-4.217785159834397,-4.418295194774702,10,32
1.765135235085672e+18,-0.2936527878554846,1.032049109449606,-4.493409789643385,-4.451837130731651,10,33
1.7651352350956956e+18,-0.3341678370508806,0.9884341227027914,-4.0515049195396005,-4.361498674681463,10,34
1.765135235105367e+18,-0.3721281388646004,0.945622736737918,-3.796030181371973,-4.281138596487333,10,35
1.76513523511529e+18,-0.4065972656449111,0.9040132549677912,-3.4469126780310777,-4.160948177012702,10,36
1.765135235125328e+18,-0.4365972275224187,0.8635522076884596,-2.999996187750753,-4.046104727933142,10,37
1.7651352351354337e+18,-0.4612733163045468,0.8242653426815981,-2.4676088782128125,-3.928686500686152,10,38
1.7651352351450934e+18,-0.4612733163045468,0.7859673405710312,-2.4676088782128125,-3.8298002110566887,10,39
1.7651352351555185e+18,-0.490507712907652,0.7480930545186447,-1.1214911276521966,-3.787428605238652,10,40
1.765135235164967e+18,-0.4936980006021137,0.7108642361291718,-0.3190287694461668,-3.7228818389472895,10,41
1.765135235175923e+18,-0.4888638695697141,0.6736670633111059,0.4834131032399547,-3.719717281806589,10,42
1.7651352351859443e+18,-0.4761470738212947,0.6361306805127314,1.2716795748419496,-3.753638279837457,10,43
1.7651352351962964e+18,-0.4555652170229907,0.5977274830268952,2.058185679830393,-3.840319748583621,10,44
1.7651352352057582e+18,-0.4279016370956217,0.5580274142421656,2.766357992736906,-3.9700068784729536,10,45
1.765135235216474e+18,-0.3931008655311125,0.5161901561344227,3.4800771564509114,-4.1837258107742965,10,46
1.7651352352248433e+18,-0.3513396822725165,0.4717529194932856,4.176118325859601,-4.443723664113702,10,47
1.765135235235963e+18,-0.3025812122076896,0.4234871837713094,4.875847006482692,-4.826573572197623,10,48
1.7651352352454328e+18,-0.2461529005337791,0.3705626972538079,5.642831167391051,-5.292448651750142,10,49
1.7651352352553196e+18,-0.1816925353755636,0.312145066782471,6.446036515821546,-5.841763047133696,10,50
1.765135235265207e+18,-0.1098828101345609,0.2474984896039518,7.180972524100267,-6.464657717851918,10,51
1.765135235275258e+18,-0.0280802045219747,0.1777652113206425,8.180260561258622,-6.973327828330924,10,52
1.7651352352855084e+18,0.0509786114195412,0.1048290006884942,7.905881594151598,-7.293621063214833,10,53
1.765135235295585e+18,0.1305501706689495,0.0310767141654582,7.9571559249408255,-7.375228652303596,10,54
1.765135235305291e+18,0.2140283309536376,-0.0386824757571349,8.347816028468815,-6.975918992259322,10,55
1.7651352353152102e+18,0.285996032278548,-0.1013429582777652,7.196770132491037,-6.266048252063029,10,56
1.7651352353254605e+18,0.3441755087091881,-0.1523006921120271,5.8179476430640085,-5.095773383426189,10,57
1.765135235335832e+18,0.3865216993559138,-0.1911772147379851,4.234619064672573,-3.8876522625957977,10,58
1.7651352353459525e+18,0.4193965155492399,-0.2168145054910829,3.28748161933261,-2.5637290753097783,10,59
1.765135244405313e+18,1.031140323610345,2.3616907721228246,0.0104423249758456,-0.0063370911899784,11,-4
1.7651352444151222e+18,1.0311066131299922,2.361544616291058,-0.0033710480352722,-0.0146155831766581,11,-3
1.76513524442489e+18,1.0310261216553216,2.3616774337531696,-0.0080491474670596,0.0132817462111578,11,-2
1.7651352444345103e+18,1.0320163246619214,2.361694826988021,0.0990203006599799,0.0017393234851503,11,-1
1.7651352444452836e+18,1.0304364529819616,2.362599959562951,-0.1579871679959765,0.0905132574930078,11,0
1.765135244457104e+18,1.0233035661810392,2.3635361899799143,-0.7132886800922389,0.0936230416963113,11,1
1.765135244465213e+18,1.0115361177788154,2.360564806552433,-1.176744840222388,-0.2971383427481378,11,2
1.7651352444742797e+18,0.9972691485416496,2.349721266321932,-1.426696923716586,-1.084354023050116,11,3
1.7651352444860498e+18,0.981273242829846,2.329194002873148,-1.5995905711803426,-2.0527263448784083,11,4
1.7651352444958638e+18,0.9618715519701124,2.3026163216540163,-1.9401690859733645,-2.65776812191314,11,5
1.7651352445051794e+18,0.9362860598854484,2.272315833564877,-2.5585492084663986,-3.030048808913932,11,6
1.7651352445154214e+18,0.9034920166618294,2.240996157456085,-3.2794043223619007,-3.131967610879149,11,7
1.7651352445251643e+18,0.8648734584168019,2.207711955688707,-3.861855824502758,-3.328420176737845,11,8
1.7651352445355768e+18,0.8226398281788396,2.1690186247906413,-4.223363023796223,-3.8693330898065694,11,9
1.7651352445453814e+18,0.7787772385460948,2.1231377546780377,-4.38625896327448,-4.588087011260367,11,10
1.765135244555268e+18,0.7336370972587895,2.071396348393061,-4.514014128730537,-5.174140628497659,11,11
1.765135244565639e+18,0.6869186591080451,2.0169391920716007,-4.671843815074439,-5.445715632146042,11,12
1.765135244575348e+18,0.6377759977227567,1.9631484029044977,-4.914266138528833,-5.379078916710278,11,13
1.7651352445852278e+18,0.5868121440417087,1.9103014500135629,-5.096385368104805,-5.2846952890935,11,14
1.765135244595424e+18,0.5448013824025851,1.8593841223238008,-4.2010761639123535,-5.091732768976209,11,15
1.7651352446054932e+18,0.4924453706593916,1.8091734506217017,-5.2356011743193545,-5.021067170209892,11,16
1.7651352446155853e+18,0.4410460869124012,1.759414837683998,-5.139928374699037,-4.975861293770389,11,17
1.7651352446246008e+18,0.3824716435028197,1.709131875998991,-5.857444340958145,-5.02829616850069,11,18
1.7651352446351752e+18,0.3336079125571802,1.659456813043538,-4.88637309456395,-4.967506295545321,11,19
1.765135244645186e+18,0.2847350393815093,1.6106099124778157,-4.887287317567096,-4.884690056572216,11,20
1.7651352446552133e+18,0.2424574585618855,1.562755852802771,-4.227758081962377,-4.785405967504475,11,21
1.765135244664923e+18,0.1875048876160539,1.5148206851698789,-5.495257094583161,-4.793516763289207,11,22
1.7651352446751145e+18,0.1395943451299038,1.467578953911208,-4.791054248615012,-4.724173125867082,11,23
1.765135244684541e+18,0.0919692036286849,1.4201979178955442,-4.76251415012188,-4.73810360156639,11,24
1.7651352446948918e+18,0.0413019986008668,1.3731519661495737,-5.06672050278181,-4.704595174597048,11,25
1.7651352447045775e+18,-0.0009649138214493,1.3261855661409414,-4.226691242231629,-4.696640000863228,11,26
1.7651352447146903e+18,-0.050477247294482,1.2786604125203211,-4.951233347303269,-4.752515362062026,11,27
1.765135244724618e+18,-0.0963655218534333,1.2309382363879031,-4.588827455895123,-4.77221761324178,11,28
1.7651352447350134e+18,-0.1423057006368812,1.1840458902198334,-4.5940178783447925,-4.689234616806992,11,29
1.7651352447450286e+18,-0.187462782745491,1.1381329831500189,-4.515708210860975,-4.591290706981455,11,30
1.7651352447550444e+18,-0.2327707309601451,1.0932287987919171,-4.530794821465414,-4.490418435810173,11,31
1.7651352447652913e+18,-0.2774301053645497,1.0489724530577695,-4.465937440440462,-4.425634573414761,11,32
1.7651352447753856e+18,-0.3206492138285273,1.0053409426551012,-4.321910846397758,-4.363151040266833,11,33
1.7651352447849172e+18,-0.3623156650512019,0.9621816158528372,-4.166645122267454,-4.315932680226386,11,34
1.7651352447954255e+18,-0.401466818711754,0.9198347538110248,-3.915115366055216,-4.234686204181259,11,35
1.7651352448047803e+18,-0.4372563219590153,0.8781043172210133,-3.578950324726132,-4.173043659001141,11,36
1.7651352448156014e+18,-0.4666545959583362,0.8372990428795363,-2.9398273999320823,-4.080527434147707,11,37
1.7651352448254682e+18,-0.4950838425844686,0.7982486492591321,-2.8429246626132385,-3.905039362040419,11,38
1.7651352448356936e+18,-0.5148562048946393,0.7597414790696294,-1.9772362310170768,-3.850717018950267,11,39
1.7651352448447245e+18,-0.5277965990581936,0.7216741850868252,-1.2940394163554303,-3.806729398280417,11,40
1.7651352448554747e+18,-0.5328435835264352,0.6842217290077071,-0.5046984468241589,-3.745245607911818,11,41
1.76513524486522e+18,-0.5297594820882636,0.646487460682243,0.3084101438171616,-3.7734268325464,11,42
1.76513524487526e+18,-0.5163686505489452,0.6087277528576003,1.3390831539318415,-3.775970782464277,11,43
1.765135244885402e+18,-0.4997675242060518,0.5698279365050508,1.6601126342893402,-3.8899816352549466,11,44
1.7651352448948268e+18,-0.4737190216518985,0.5297260562242019,2.604850255415325,-4.010188028084893,11,45
1.765135244912395e+18,-0.4737190216518985,0.487621019011917,2.604850255415325,-4.210503721228487,11,46
1.765135244916414e+18,-0.4006189211788806,0.4435487888336173,3.984986561105058,-4.40722301782997,11,47
1.7651352449256212e+18,-0.3538408601191412,0.3961584684304158,4.677806105973942,-4.739032040320152,11,48
1.7651352449354396e+18,-0.3000661391958684,0.3442824888288326,5.377472092327279,-5.187597960158313,11,49
1.765135244945887e+18,-0.2393648706057498,0.2876545958338874,6.070126859011859,-5.662789299494525,11,50
1.7651352449566676e+18,-0.1717390424926989,0.2258206761960273,6.762582811305082,-6.183391963786006,11,51
1.7651352449660337e+18,-0.0980271220419826,0.1589062067140149,7.37119204507163,-6.691446948201243,11,52
1.7651352449748946e+18,-0.0198270569387427,0.0882192607906519,7.820006510323989,-7.068694592336298,11,53
1.7651352449854674e+18,0.0593759425234747,0.0159994358442199,7.920299946221755,-7.221982494643197,11,54
1.7651352449954975e+18,0.1345865553449498,-0.0524183047003601,7.521061282147507,-6.841774054458011,11,55
1.7651352450053192e+18,0.2016544767126938,-0.1129081170198636,6.7067921367744034,-6.0489812319503535,11,56
1.7651352450149714e+18,0.2554639488087927,-0.1630083348225831,5.38094720960989,-5.010021780271943,11,57
1.765135245025928e+18,0.292526323084933,-0.1997805942188158,3.706237427614029,-3.677225939623269,11,58
1.7651352450350372e+18,0.3194458995194487,-0.2234547210971995,2.69195764345157,-2.367412687838377,11,59
